Regressor,MAE,RMSE,R2,HR,p-value
DTR,24.361,31.39,-0.813,2.602,0.015784659981902503
RFR,19.505,23.43,-0.062,2.175,0.050759335852440655
LR,17.707,22.585,-0.105,1.965,0.08025352364549358
LAS,16.838,21.169,0.085,2.772,0.01052942651797748
RID,17.308,21.982,-0.02,2.43,0.022713682625414868
ENT,16.709,20.683,0.172,3.006,0.009862674474573986
SVR,19.141,24.461,-0.062,1.626,0.20671177369822044
